Title,Media URL,Pinterest board,Thumbnail,Description,Link,Publish date,Keywords
Rustic Wood Floral String Lights Wedding Guestbook Notebook,https://rlv.zcache.com/rustic_wood_floral_string_lights_wedding_guestbook_notebook-r480007968fc84991928c58c9b7d6179a_ambg4_8byvr_500.jpg,Wedding Invitations & Ideas,,"Rustic Wood Floral String Lights Wedding Guestbook Notebook — from $15.45. Wedding Guestbook Templates - Elegant Script with Peach White Roses Floral and String Lights on Rustic Wood Background. A Perfect Design For Your Big Day! All Text Style, Colors, Sizes Can Be Modified To Fit Your Needs. Shop this design — fully personalizable. #ad · affiliate link #wedding #weddinginvitations #weddingideas #guestbook #shower",https://www.zazzle.com/rustic_wood_floral_string_lights_wedding_guestbook_notebook-130659898511601191,2026-09-28T00:27:00,"wedding, weddinginvitations, weddingideas, guestbook, shower"
Teal Gold Watercolor YOGA Meditation Instructor Classic Round Sticker,https://rlv.zcache.com/teal_gold_watercolor_yoga_meditation_instructor_classic_round_sticker-r4d6dcf6f8ac84eaf937dc1cf2d1a4456_zg2qos_500.jpg?rlvnet=1&max_dim=1000,Wedding Invitations & Ideas,,Teal Gold Watercolor YOGA Meditation Instructor Classic Round Sticker — from $8.90. Elegant Teal Watercolor and Faux Gold Foil Meditation Posture YOGA Meditation Instructor Sticker Template. Customize it on Zazzle — fully personalizable. #ad · affiliate link #wedding #weddinginvitations #weddingideas #yoga #instructor,https://www.zazzle.com/teal_gold_watercolor_yoga_meditation_instructor_classic_round_sticker-217185426750135887,2026-09-28T01:24:00,"wedding, weddinginvitations, weddingideas, yoga, instructor"
Simple Black & White Overlay Photo Wedding Invitation,https://rlv.zcache.com/simple_black_white_overlay_photo_wedding_invitation-r_v4g8pw_500.jpg,Wedding Invitations & Ideas,,"Simple Black & White Overlay Photo Wedding Invitation — from $2.60. This elegant Wedding Invitation features a sweeping script calligraphy text paired with a classy serif & modern sans font in black, with a photo overlay on the front and a second photo on the back with a customizable… Shop this design — fully personalizable. Design by PeachBloome. #ad · affiliate link #wedding #weddinginvitations #weddingideas #photo #invitation",https://www.zazzle.com/simple_black_white_overlay_photo_wedding_invitation-256139245543951273?rf=238439349232116915&tc=pin,2026-09-28T02:17:00,"wedding, weddinginvitations, weddingideas, photo, invitation"
Minimalist Style | One Photo Save The Date,https://rlv.zcache.com/minimalist_style_one_photo_save_the_date-r_v4noha_500.jpg,Wedding Invitations & Ideas,,"Minimalist Style | One Photo Save The Date — from $2.76. This simple and elegant black and white wedding save the date card features your personal photo on the front, with a mix of modern handwritten script and bold serif text. There is room for additional information on the… Personalize this design — fully personalizable. Design by Customize_My_Wedding. #ad · affiliate link #savethedate #wedding #engaged #save #date",https://www.zazzle.com/minimalist_style_one_photo_save_the_date-256576413698707163?rf=238439349232116915&tc=pin,2026-09-28T13:27:00,"savethedate, wedding, engaged, save, date"
Fall Rustic Floral Bridal Shower Invitation,https://rlv.zcache.com/fall_rustic_floral_bridal_shower_invitation-r_w325rm_500.jpg,Wedding Invitations & Ideas,,"Fall Rustic Floral Bridal Shower Invitation — from $2.71. Invite loved ones to celebrate with our Fall Rustic Floral Bridal Shower Invitation, perfect for an autumn gathering. Featuring rustic elements and delicate fall florals, this customizable invitation sets the tone for… Make it yours — fully personalizable. Design by CavaPartyDesign. #ad · affiliate link #bridalshower #wedding #bridal #shower #invitation",https://www.zazzle.com/fall_rustic_floral_bridal_shower_invitation-256897891769897387?rf=238439349232116915&tc=pin,2026-09-28T14:40:00,"bridalshower, wedding, bridal, shower, invitation"
Teen Gaming Gamer Boy Video Game Player Birthday Invitation,https://rlv.zcache.com/teen_gaming_gamer_boy_video_game_player_birthday_invitation-r5e9c1f71f42a4e04b341981020ceb723_jqzlnk_500.jpg,Birthday Party Ideas,,"Teen Gaming Gamer Boy Video Game Player Birthday Invitation — from $2.71. Cool and awesome design for teenagers, boys or girls who love playing video games, console gaming or pc gaming. Perfect for gamer theme birthday party. You can customize the wording to fit other occasions. Personalize this design — fully personalizable. Design by raindwops. #ad · affiliate link #birthday #partyideas #invitations #kids #video",https://www.zazzle.com/teen_gaming_gamer_boy_video_game_player_birthday_invitation-256650534158493159?rf=238439349232116915&tc=pin,2026-09-28T15:37:00,"birthday, partyideas, invitations, kids, video"
Pink Bow Girl Baby Shower Invitation,https://rlv.zcache.com/pink_bow_girl_baby_shower_invitation-r_6fxb7t_500.jpg,Baby Shower Ideas,,Pink Bow Girl Baby Shower Invitation — from $2.82. Pink Bow Girl Baby Shower Invitation Make it yours — fully personalizable. Design by FreyaEvents. #ad · affiliate link #babyshower #baby #invitations #pink #shower,https://www.zazzle.com/pink_bow_girl_baby_shower_invitation-256398894710614657?rf=238439349232116915&tc=pin,2026-09-28T18:17:00,"babyshower, baby, invitations, pink, shower"
Modern Brush Script 4 Photo Collage Graduation Announcement,https://rlv.zcache.com/modern_brush_script_4_photo_collage_graduation_announcement-r_v45e02_500.jpg,Graduation Party Ideas,,Modern Brush Script 4 Photo Collage Graduation Announcement — from $2.96. Modern Brush Script Graduate 4 Photo Collage Graduation Announcement Card Personalize this design — fully personalizable. Design by HappyMemoriesCardCo. #ad · affiliate link #graduation #classof2027 #gradparty #graduate #college,https://www.zazzle.com/modern_brush_script_4_photo_collage_graduation_announcement-256549719219683629?rf=238439349232116915&tc=pin,2026-09-28T19:08:00,"graduation, classof2027, gradparty, graduate, college"
Wedding Favor Thank You Mason Jars & String Lights Classic Round Sticker,https://rlv.zcache.com/wedding_favor_thank_you_mason_jars_string_lights_classic_round_sticker-rb9f73f77cae84557b8fcb9e89b7e4539_zg2qos_500.jpg?rlvnet=1&max_dim=1000,Wedding Invitations & Ideas,,"Wedding Favor Thank You Mason Jars & String Lights Classic Round Sticker — from $8.90. Wedding Favor Thank You Sticker Template - Elegant Mason Jar and String Lights on Navy Blue Floral Linen Background. A Perfect Design for your Big Day. All text style, colors, sizes can be modified to fit your needs! Customize it on Zazzle — fully personalizable. #ad · affiliate link #wedding #weddinginvitations #weddingideas #thank #shower",https://www.zazzle.com/wedding_favor_thank_you_mason_jars_string_lights_classic_round_sticker-217209382246377957,2026-09-29T00:01:00,"wedding, weddinginvitations, weddingideas, thank, shower"
Merry Christmas Holly Wreath Return Address Labels,https://rlv.zcache.com/merry_christmas_holly_wreath_return_address_labels-r_v9rhn2_500.jpg,Wedding Invitations & Ideas,,Merry Christmas Holly Wreath Return Address Labels — from $8.90. Merry Christmas Calligraphy Typography Script with Holly Floral Wreath Return Address Labels Templates. Red and Green Watercolor Christmas Botanical Berry and Pines. Happy Holiday Wishes Merry Bright Christmas Season's… Customize it on Zazzle — fully personalizable. #ad · affiliate link #wedding #weddinginvitations #weddingideas #christmas #holiday,https://www.zazzle.com/merry_christmas_holly_wreath_return_address_labels-217359185628139532,2026-09-29T02:32:00,"wedding, weddinginvitations, weddingideas, christmas, holiday"
Budget Elegant Red Bow Christmas Four Photo Holiday Card,https://rlv.zcache.com/budget_elegant_red_bow_christmas_four_photo_holiday_card-r_i3cvri_500.jpg,Christmas Cards & Gifts,,Budget Elegant Red Bow Christmas Four Photo Holiday Card — from $2.46. Budget Elegant Red Bow Christmas Four Photo Holiday Card features a beautiful watercolor red bow around your two photos. Customize it on Zazzle — fully personalizable. Design by JAmberDesign. #ad · affiliate link #christmascards #christmas #holidaycards #photo #card,https://www.zazzle.com/budget_elegant_red_bow_christmas_four_photo_holiday_card-256564938247318925?rf=238439349232116915&tc=pin,2026-09-29T14:20:00,"christmascards, christmas, holidaycards, photo, card"
3 Photo Collage Minimalist Modern White Red Holiday Card,https://rlv.zcache.com/3_photo_collage_minimalist_modern_white_red_holiday_card-r_vshwn1_500.jpg,Christmas Cards & Gifts,,"3 Photo Collage Minimalist Modern White Red Holiday Card — from $2.40. Completely customizable 3 photo template with room for photo and text on back. Featuring modern fonts, elegant layout, and snow pattern on the back. Customize it on Zazzle — fully personalizable. Design by NBpaperco. #ad · affiliate link #holidaycards #photocards #christmas #photo #cards",https://www.zazzle.com/3_photo_collage_minimalist_modern_white_red_holiday_card-256753774561392458?rf=238439349232116915&tc=pin,2026-09-29T15:49:00,"holidaycards, photocards, christmas, photo, cards"
Modern Handlettering Custom 2 Photos Baby Shower Thank You Card,https://rlv.zcache.com/modern_handlettering_custom_2_photos_baby_shower_thank_you_card-r_vsrfgc_500.jpg,Zazzle Gift Finds,,"Modern Handlettering Custom 2 Photos Baby Shower Thank You Card — from $2.67. Introducing our ""Modern Handlettering Custom 2 Photos Baby Shower Thank You Flat Card"" – a chic and personalized way to express gratitude to your guests. This flat card features modern handlettering and space for two… Personalize this design — fully personalizable. Design by Lorena_Depante. #ad · affiliate link #thankyou #stationery #baby #shower #photo",https://www.zazzle.com/modern_handlettering_custom_2_photos_baby_shower_thank_you_card-256853256686371233?rf=238439349232116915&tc=pin,2026-09-29T18:00:00,"thankyou, stationery, baby, shower, photo"
Gold Neutral Branded Business Company Thank You Classic Round Sticker,https://rlv.zcache.com/gold_neutral_branded_business_company_thank_you_classic_round_sticker-r_67pfu3_500.jpg,Zazzle Gift Finds,,"Gold Neutral Branded Business Company Thank You Classic Round Sticker — from $1.05. Give your packaging a polished, high-end look with this Gold Neutral Branded Business Thank You Sticker. Featuring a warm neutral background with sophisticated gold typography, this classic round sticker is perfect for… Personalize this design — fully personalizable. Design by Hot_Foil_Creations. #ad · affiliate link #stickers #labels #packaging #gold #business",https://www.zazzle.com/gold_neutral_branded_business_company_thank_you_classic_round_sticker-256565228818927433?rf=238439349232116915&tc=pin,2026-09-29T18:54:00,"stickers, labels, packaging, gold, business"
Modern Fun Trendy Typography Life Happens Saying Two-Tone Coffee Mug,https://rlv.zcache.com/modern_fun_trendy_typography_life_happens_saying_two_tone_coffee_mug-r_v4gzkx_500.jpg,Custom Mugs & Drinkware,,"Modern Fun Trendy Typography Life Happens Saying Two-Tone Coffee Mug — from $17.80. Hey there, coffee enthusiasts! Embrace the ups and downs of life with our Zazzle Two-Toned Mug featuring the typographic design ""Life happens, coffee helps""! ☕️💪 This mug is your trusty sidekick, reminding you that no… Customize it on Zazzle — fully personalizable. Design by Farlane. #ad · affiliate link #mugs #coffeemug #giftideas #funny #coffee",https://www.zazzle.com/modern_fun_trendy_typography_life_happens_saying_two_tone_coffee_mug-168994347614378967?rf=238439349232116915&tc=pin,2026-09-29T19:59:00,"mugs, coffeemug, giftideas, funny, coffee"
Custom Logo Acrylic Tumbler with Straw No Minimum,https://rlv.zcache.com/custom_logo_acrylic_tumbler_with_straw_no_minimum-r_v4gj6a_500.jpg,Custom Mugs & Drinkware,,"Custom Logo Acrylic Tumbler with Straw No Minimum — from $17.75. Business Logo Printed Optional Text Promotional Acrylic Tumbler Custom printed cups and tumblers with straws are handy drink ware during your event, and forever useful, reminding your clients and staff to stay hydrated… Make it yours — fully personalizable. Design by SleekMinimalDesign. #ad · affiliate link #tumbler #drinkware #giftideas #logo #here",https://www.zazzle.com/custom_logo_acrylic_tumbler_with_straw_no_minimum-256011245532111250?rf=238439349232116915&tc=pin,2026-09-29T20:50:00,"tumbler, drinkware, giftideas, logo, here"
Wedding Thank You Autumn Leaves Pumpkin Sunflowers Classic Round Sticker,https://rlv.zcache.com/wedding_thank_you_autumn_leaves_pumpkin_sunflowers_classic_round_sticker-rfe4fb3e012a4430792d1601975aee88f_zg2qos_500.jpg?rlvnet=1&max_dim=1000,Wedding Invitations & Ideas,,"Wedding Thank You Autumn Leaves Pumpkin Sunflowers Classic Round Sticker — from $8.90. Wedding Favor Thank You Sticker Template - Elegant Autumn Maple Leaves, Pumpkins and Sunflowers Watercolor Flowers on Orange Gradient Background. A Perfect Design For Your Big Day! All Text Style, Colors, Sizes Can Be… Personalize this design — fully personalizable. #ad · affiliate link #wedding #weddinginvitations #weddingideas #thank #shower",https://www.zazzle.com/wedding_thank_you_autumn_leaves_pumpkin_sunflowers_classic_round_sticker-217872199673354322,2026-09-30T00:39:00,"wedding, weddinginvitations, weddingideas, thank, shower"
Wedding Seating Glass For The Night Find Your Seat Poster,https://rlv.zcache.com/wedding_seating_glass_for_the_night_find_your_seat_poster-re10d74e91b804754b22305edc3c9483b_rj4_8byvr_500.jpg,Wedding Invitations & Ideas,,"Wedding Seating Glass For The Night Find Your Seat Poster — from $16.15. Wedding Seating Sign Poster Templates - Your Glass For The Night, For Whatever Tastes Right. Yours To Keep, Let It Help You Find Your Seat! Chic Script Vintage Sunflowers and Elegant Lace on Rustic Wood Background. A… Make it yours — fully personalizable. #ad · affiliate link #wedding #weddinginvitations #weddingideas #seating #sign",https://www.zazzle.com/wedding_seating_glass_for_the_night_find_your_seat_poster-228001153163707627,2026-09-30T01:44:00,"wedding, weddinginvitations, weddingideas, seating, sign"
Modern Simple Playful Elegant Chic Pet Photo Fleece Blanket,https://rlv.zcache.com/modern_simple_playful_elegant_chic_pet_photo_fleece_blanket-r_kvgx2i_500.jpg,Home Decor Finds,,Modern Simple Playful Elegant Chic Pet Photo Fleece Blanket — from $55.95. This simple and classic design is composed of serif typography and add a custom photo of your pet. Make it yours — fully personalizable. Design by SelectPartySupplies. #ad · affiliate link #blanket #cozy #homedecor #animal #classic,https://www.zazzle.com/modern_simple_playful_elegant_chic_pet_photo_fleece_blanket-256687270547801886?rf=238439349232116915&tc=pin,2026-09-30T02:28:00,"blanket, cozy, homedecor, animal, classic"
Classic Floral Frame Baby's First Christmas Ornament,https://rlv.zcache.com/classic_floral_frame_babys_first_christmas_ornament-r_v4gzur_500.jpg,Christmas Cards & Gifts,,"Classic Floral Frame Baby's First Christmas Ornament — from $17.80. This beautiful Baby's First Christmas holiday photo ornament features a hand drawn floral and greenery pattern in classic, traditional Christmas colors of red, green, and ivory over a dark green background. A small… Customize it on Zazzle — fully personalizable. Design by Orabella. #ad · affiliate link #ornaments #christmasdecor #christmas #baby39s #first",https://www.zazzle.com/classic_floral_frame_babys_first_christmas_ornament-256599979985898718?rf=238439349232116915&tc=pin,2026-09-30T03:30:00,"ornaments, christmasdecor, christmas, baby39s, first"
Nautical Navy Blue Welcome Aboard Boat Name Anchor Doormat,https://rlv.zcache.com/nautical_navy_blue_welcome_aboard_boat_name_anchor_doormat-r_kvvrro_500.jpg,Home Decor Finds,,"Nautical Navy Blue Welcome Aboard Boat Name Anchor Doormat — from $35.44. This bestselling nautical doormat features ""Welcome Aboard"" in bold arched lettering above a classic anchor design with your boat name in elegant script and home port below, all on a rich navy blue background. The… Personalize this design — fully personalizable. Design by Plush_Paper. #ad · affiliate link #doormat #porchdecor #homedecor #nautical #welcome",https://www.zazzle.com/nautical_navy_blue_welcome_aboard_boat_name_anchor_doormat-256786977521808363?rf=238439349232116915&tc=pin,2026-09-30T13:58:00,"doormat, porchdecor, homedecor, nautical, welcome"
Tropical Orange & Flowers Watercolor Pattern Cutting Board,https://rlv.zcache.com/tropical_orange_flowers_watercolor_pattern_cutting_board-r_v1hfub_500.jpg,Home Decor Finds,,Tropical Orange & Flowers Watercolor Pattern Cutting Board — from $24.25. Tropical Orange & Flowers Watercolor Pattern Shop this design — fully personalizable. Design by LovePattern. #ad · affiliate link #kitchen #cuttingboard #housewarming #orange #pattern,https://www.zazzle.com/tropical_orange_flowers_watercolor_pattern_cutting_board-256812366925443760?rf=238439349232116915&tc=pin,2026-09-30T18:51:00,"kitchen, cuttingboard, housewarming, orange, pattern"
'London Paris New York Repeat' Poster | Pink 8x10,https://rlv.zcache.com/london_paris_new_york_repeat_poster_pink_8x10-r_63vijq_500.jpg,Wall Art & Prints,,'London Paris New York Repeat' Poster | Pink 8x10 — from $12.35. 'London Paris New York Repeat' Poster | Pink 8x10 Designed by Gorjo Designs // Need a custom design? Got other ideas? Feel free to contact me at: zoe@gorjodesigns.com // Customize it on Zazzle — fully personalizable. Design by Gorjo_Wall_Art. #ad · affiliate link #wallart #poster #artprint #minimal #wall,https://www.zazzle.com/london_paris_new_york_repeat_poster_pink_8x10-228338001782900074?rf=238439349232116915&tc=pin,2026-09-30T20:03:00,"wallart, poster, artprint, minimal, wall"
Beloved Caption Personalized Photo Wrapped Canvas Print,https://rlv.zcache.com/beloved_caption_personalized_photo_wrapped_canvas_print-r_w1xrzv_500.jpg,Wall Art & Prints,,Beloved Caption Personalized Photo Wrapped Canvas Print — from $84.45. Preserve the precious moments with personalized wall decor. Makes a great gift! Personalize this design — fully personalizable. Design by berryberrysweet. #ad · affiliate link #canvasart #wallart #homedecor #personalized #canvas,https://www.zazzle.com/beloved_caption_personalized_photo_wrapped_canvas_print-256388612151898611?rf=238439349232116915&tc=pin,2026-09-30T20:44:00,"canvasart, wallart, homedecor, personalized, canvas"
Tropical Floral Wedding Signature Drink Menu Poster,https://rlv.zcache.com/tropical_floral_wedding_signature_drink_menu_poster-r_6yyx7j_500.jpg,Wedding Invitations & Ideas,,"Tropical Floral Wedding Signature Drink Menu Poster — from $13.05. Elegant Gold Script Tropical Flower, Plant and Leaf in Hawaiian Style with Faux Gold Foil Frame Signature Cocktail Drink Menu Wedding Decor Poster Templates. A Perfect Design for your Big Day. All text style, colors,… Make it yours — fully personalizable. #ad · affiliate link #wedding #weddinginvitations #weddingideas #drink #menu",https://www.zazzle.com/tropical_floral_wedding_signature_drink_menu_poster-228178992955071734,2026-10-01T00:23:00,"wedding, weddinginvitations, weddingideas, drink, menu"
Chalkboard Floral Wedding Signature Drink Menu Poster,https://rlv.zcache.com/chalkboard_floral_wedding_signature_drink_menu_poster-r4c32d7a290b24b38b25eda30007cbaec_wva_8byvr_500.jpg,Wedding Invitations & Ideas,,"Chalkboard Floral Wedding Signature Drink Menu Poster — from $13.05. Modern Signature Cocktail Drink Menu Wedding Decor Poster Templates - Elegant Gold Script and White Floral Frame on Grunge Black Chalkboard Background. A Perfect Design for your Big Day. All text style, colors, sizes… Customize it on Zazzle — fully personalizable. #ad · affiliate link #wedding #weddinginvitations #weddingideas #drink #menu",https://www.zazzle.com/chalkboard_floral_wedding_signature_drink_menu_poster-228626690813285354,2026-10-01T01:12:00,"wedding, weddinginvitations, weddingideas, drink, menu"
Pet's Simple Modern Cool Typography Name and Photo T-Shirt,https://rlv.zcache.com/pets_simple_modern_cool_typography_name_and_photo_t_shirt-r_vshxjg_500.jpg,Graphic Tees & Apparel,,Pet's Simple Modern Cool Typography Name and Photo T-Shirt — from $21.45. This simple and modern design is composed of modern simple playful script typography. Add custom pet photo. Customize it on Zazzle — fully personalizable. Design by SelectPartySupplies. #ad · affiliate link #tshirt #graphictee #apparel #photograph #picture,https://www.zazzle.com/pets_simple_modern_cool_typography_name_and_photo_t_shirt-256993602821254375?rf=238439349232116915&tc=pin,2026-10-01T03:03:00,"tshirt, graphictee, apparel, photograph, picture"
Cute Vintage Beach Waves Sunshine Surfer Trip Hoodie,https://rlv.zcache.com/cute_vintage_beach_waves_sunshine_surfer_trip_hoodie-r_vsxod9_500.jpg,Graphic Tees & Apparel,,Cute Vintage Beach Waves Sunshine Surfer Trip Hoodie — from $49.20. Cute vintage style hoodies featuring beautiful teal ocean waves and a bright sun with palm trees in the summer. The cool grunge hooded sweatshirt is complimented with distressed teal blue custom text for your family… Make it yours — fully personalizable. Design by epicdesigns. #ad · affiliate link #hoodie #sweatshirt #apparel #beach #trip,https://www.zazzle.com/cute_vintage_beach_waves_sunshine_surfer_trip_hoodie-256346590702681828?rf=238439349232116915&tc=pin,2026-10-01T03:43:00,"hoodie, sweatshirt, apparel, beach, trip"
Coming Soon Script Custom Pregnancy Announcement Baby Bodysuit,https://rlv.zcache.com/coming_soon_script_custom_pregnancy_announcement_baby_bodysuit-r97d4f3f1926a4ead97c5eb5fd5067c15_j2nhc_500.jpg,Baby Shower Ideas,,Coming Soon Script Custom Pregnancy Announcement Baby Bodysuit — from $17.40. A stylish way to reveal the news of your pregnancy. Customize it on Zazzle — fully personalizable. Design by NBpaperco. #ad · affiliate link #babyclothes #newborn #babygift #coming #soon,https://www.zazzle.com/coming_soon_script_custom_pregnancy_announcement_baby_bodysuit-235570040191810738?rf=238439349232116915&tc=pin,2026-10-01T14:07:00,"babyclothes, newborn, babygift, coming, soon"
"Basic Logo Custom Bag, Business or Shop Tote Bag",https://rlv.zcache.com/basic_logo_custom_bag_business_or_shop_tote_bag-r_vs2ygu_500.jpg,Bags & Accessories,,"Basic Logo Custom Bag, Business or Shop Tote Bag — from $12.45. Add your logo and text to create a cool custom tote bag for your business or event. These bags are great for marketing and promotions. Shop this design — fully personalizable. Design by RevintagedArt. #ad · affiliate link #totebag #bags #giftideas #tote #logo",https://www.zazzle.com/basic_logo_custom_bag_business_or_shop_tote_bag-149736442976253420?rf=238439349232116915&tc=pin,2026-10-01T18:28:00,"totebag, bags, giftideas, tote, logo"
Photo Personalized Name Custom Case-Mate iPhone 14 Case,https://rlv.zcache.com/photo_personalized_name_custom_case_mate_iphone_case-r_ie29bz_500.jpg,Phone Cases & Tech,,"Photo Personalized Name Custom Case-Mate iPhone 14 Case — from $39.10. Personalized iPhone cases make great gifts for all occasions. Personalize with a photo and any name or wording of your choice. This custom iPhone case will make a great gift for birthdays, christmas, mothers day,… Make it yours — fully personalizable. Design by KellyDolanDesigns. #ad · affiliate link #phonecase #iphonecase #tech #travel #accessories",https://www.zazzle.com/photo_personalized_name_custom_case_mate_iphone_case-179470333801995691?rf=238439349232116915&tc=pin,2026-10-01T19:21:00,"phonecase, iphonecase, tech, travel, accessories"
Personalized Photo and Text Photo Collage Keychain,https://rlv.zcache.com/personalized_photo_and_text_photo_collage_keychain-r_v4gx1w_500.jpg,Bags & Accessories,,Personalized Photo and Text Photo Collage Keychain — from $17.95. Make a Personalized Photo keepsake keychain from Ricaso - add your own photos and text - photo collage keepsake gifts Customize it on Zazzle — fully personalizable. Design by Ricaso. #ad · affiliate link #keychain #smallgifts #ricaso #keepsake #instagram,https://www.zazzle.com/personalized_photo_and_text_photo_collage_keychain-256760764466626385?rf=238439349232116915&tc=pin,2026-10-01T20:04:00,"keychain, smallgifts, ricaso, keepsake, instagram"
Rose Gold Lotus Yoga Meditation Instructor Quote Postcard,https://rlv.zcache.com/rose_gold_lotus_yoga_meditation_instructor_quote_postcard-r_xt9nfu_500.jpg,Wedding Invitations & Ideas,,Rose Gold Lotus Yoga Meditation Instructor Quote Postcard — from $1.82. Yoga Studio Meditation Instructor / Life Coach / Healer / Reiki Master / Massage Therapy Quotes Postcard Templates - Modern Elegant Faux Gold Foil Lotus on Rose Gold Texture Background. “Reiki literally wakes up our… Personalize this design — fully personalizable. #ad · affiliate link #wedding #weddinginvitations #weddingideas #yoga #rose,https://www.zazzle.com/rose_gold_lotus_yoga_meditation_instructor_quote_postcard-239955643002103054,2026-10-02T00:07:00,"wedding, weddinginvitations, weddingideas, yoga, rose"
DJ Modern Stylish Turntable Vinyl Recoder Mixer Business Card,https://rlv.zcache.com/dj_modern_stylish_turntable_vinyl_recoder_mixer_business_card-r_vdn0jf_500.jpg,Wedding Invitations & Ideas,,"DJ Modern Stylish Turntable Vinyl Recoder Mixer Business Card — from $16.75. Modern Turntable Vinyl Recoder Mixer DJ Black and Silver Metal Background Business Cards. Fonts, font size, font color and font position can be customized to suit your style. Shop this design — fully personalizable. #ad · affiliate link #wedding #weddinginvitations #weddingideas #producer #music",https://www.zazzle.com/dj_modern_stylish_turntable_vinyl_recoder_mixer_business_card-240000584195082746,2026-10-02T01:26:00,"wedding, weddinginvitations, weddingideas, producer, music"
Best Mom Ever Classic Simple Photo Locket Necklace,https://rlv.zcache.com/best_mom_ever_classic_simple_photo_locket_necklace-r_zbe22p_500.jpg,Bags & Accessories,,Best Mom Ever Classic Simple Photo Locket Necklace — from $36.35. This simple and classic design is composed of serif typography and add a custom photo. Customize it on Zazzle — fully personalizable. Design by SelectPartySupplies. #ad · affiliate link #jewelry #necklace #giftforher #mother39s #mother,https://www.zazzle.com/best_mom_ever_classic_simple_photo_locket_necklace-177488139000350271?rf=238439349232116915&tc=pin,2026-10-02T02:52:00,"jewelry, necklace, giftforher, mother39s, mother"
Contemporary Arch Line Art Sage Personalized Photo Notebook,https://rlv.zcache.com/contemporary_arch_line_art_sage_personalized_photo_notebook-r862d7a60eb9a442484751d6351fe6917_ev6wb_500.jpg?rlvnet=1&max_dim=1000,Office & School Supplies,,Contemporary Arch Line Art Sage Personalized Photo Notebook — from $22.80. Contemporary Arch Line Art in Sage Green Personalized Photo Notebook Shop this design — fully personalizable. Design by LEAFandLAKE. #ad · affiliate link #notebook #stationery #backtoschool #contemporary #arch,https://www.zazzle.com/contemporary_arch_line_art_sage_personalized_photo_notebook-256874896389432068?rf=238439349232116915&tc=pin,2026-10-02T13:07:00,"notebook, stationery, backtoschool, contemporary, arch"
Watercolor Botanical Poppies Floral Pattern Planner,https://rlv.zcache.com/watercolor_botanical_poppies_floral_pattern_planner-rb4a41b2157d14bd7ac4585beb78a01d5_e386y_500.jpg?rlvnet=1&max_dim=1000,Office & School Supplies,,Watercolor Botanical Poppies Floral Pattern Planner — from $31.70. Watercolor inspired red poppies pattern with botanical greenery. Personalize name inside gray rectangle at front. Shop this design — fully personalizable. Design by JillsPaperie. #ad · affiliate link #planner #organization #2027planner #generativecontent #elegant,https://www.zazzle.com/watercolor_botanical_poppies_floral_pattern_planner-256615966676185208?rf=238439349232116915&tc=pin,2026-10-02T14:20:00,"planner, organization, 2027planner, generativecontent, elegant"
2027 Custom Wedding Photo Chic Script Calendar,https://rlv.zcache.com/2027_custom_wedding_photo_chic_script_calendar-r_66gqxp_500.jpg,Office & School Supplies,,"2027 Custom Wedding Photo Chic Script Calendar — from $23.55. Display your favorite wedding memories all year long with the understated elegance of this custom photo calendar. Featuring a modern design highlighted by a chic, fluid script typography overlay for the year and… Customize it on Zazzle — fully personalizable. Design by StampsbyMargherita. #ad · affiliate link #calendar #2027 #photocalendar #gift #newlywed",https://www.zazzle.com/2027_custom_wedding_photo_chic_script_calendar-158713751265737627?rf=238439349232116915&tc=pin,2026-10-02T18:06:00,"calendar, 2027, photocalendar, gift, newlywed"
Modern Pink Girl Boss & Name | best Girly Gift Mouse Pad,https://rlv.zcache.com/modern_pink_girl_boss_name_best_girly_gift_mouse_pad-r_v45vb0_500.jpg,Office & School Supplies,,"Modern Pink Girl Boss & Name | best Girly Gift Mouse Pad — from $13.30. Introducing the Modern Pink Girl Boss & Name collection on Zazzle! This trendy and stylish collection is perfect for all the strong, independent women out there who are rocking their careers and making a statement.… Customize it on Zazzle — fully personalizable. Design by LovePattern. #ad · affiliate link #mousepad #desksetup #girl #boss #personalized",https://www.zazzle.com/modern_pink_girl_boss_name_best_girly_gift_mouse_pad-144907798892603265?rf=238439349232116915&tc=pin,2026-10-02T19:13:00,"mousepad, desksetup, girl, boss, personalized"
Modern Simple Playful Script Family Photo Jigsaw Puzzle,https://rlv.zcache.com/modern_simple_playful_script_family_photo_jigsaw_puzzle-r_v4nuan_500.jpg,Games & Puzzles,,Modern Simple Playful Script Family Photo Jigsaw Puzzle — from $36.35. Design is composed of modern and playful script typography. Add a family photo. Customize it on Zazzle — fully personalizable. Design by SelectPartySupplies. #ad · affiliate link #puzzle #familygames #giftideas #picture #photograph,https://www.zazzle.com/modern_simple_playful_script_family_photo_jigsaw_puzzle-116278274414671250?rf=238439349232116915&tc=pin,2026-10-02T20:20:00,"puzzle, familygames, giftideas, picture, photograph"
Low Poly Dog Pet Care Grooming Food Beauty Salon Appointment Card,https://rlv.zcache.com/low_poly_dog_pet_care_grooming_food_beauty_salon_appointment_card-r_vs7ti1_500.jpg,Wedding Invitations & Ideas,,"Low Poly Dog Pet Care Grooming Food Beauty Salon Appointment Card — from $21.80. Low Poly Dog - Pet Care / Pet Sitting / Pet Grooming / Pet Food Shop / Pet Beauty Salon / Animal Hospital / Animal Clinic Business card Templates. Unique Design for you. All text style, colors, sizes can be modified to… Personalize this design — fully personalizable. #ad · affiliate link #wedding #weddinginvitations #weddingideas #sitting #grooming",https://www.zazzle.com/low_poly_dog_pet_care_grooming_food_beauty_salon_appointment_card-240009123701185966,2026-10-03T00:26:00,"wedding, weddinginvitations, weddingideas, sitting, grooming"
Aerial Yoga Instructor Pilates Fitness Purple Gold Business Card,https://rlv.zcache.com/aerial_yoga_instructor_pilates_fitness_purple_gold_business_card-r_vd5hxh_500.jpg,Wedding Invitations & Ideas,,Aerial Yoga Instructor Pilates Fitness Purple Gold Business Card — from $16.75. Elegant Aerial Yoga Studio Meditation Pilates Fitness Instructor Business Card Template - Elegant Gold Aerial Yoga Pose and Handwritten Script Typography on Burgundy Red Purple Texture Background. Shop this design — fully personalizable. #ad · affiliate link #wedding #weddinginvitations #weddingideas #aerial #yoga,https://www.zazzle.com/aerial_yoga_instructor_pilates_fitness_purple_gold_business_card-240048775813134793,2026-10-03T01:40:00,"wedding, weddinginvitations, weddingideas, aerial, yoga"
40 and fabulous playing cards,https://rlv.zcache.com/40_and_fabulous_playing_cards-r0c85a337da9a4302893558a64492181f_zaeo3_500.jpg?rlvnet=1&max_dim=1000,Games & Puzzles,,40 and fabulous playing cards — from $13.10. Celebrate your special birthday in style with this white and pink effect 40 and fabulous birthday design Shop this design — fully personalizable. Design by COFFEE_AND_PAPER_CO. #ad · affiliate link #playingcards #games #40th #forty #fabulous,https://www.zazzle.com/40_and_fabulous_playing_cards-256550735251785588?rf=238439349232116915&tc=pin,2026-10-03T02:37:00,"playingcards, games, 40th, forty, fabulous"
Rustic Watercolor Floral 80th Birthday Party Paper Plates,https://rlv.zcache.com/rustic_watercolor_floral_80th_birthday_party_paper_plates-r_voh0vs_500.jpg,Birthday Party Ideas,,"Rustic Watercolor Floral 80th Birthday Party Paper Plates — from $2.15. With beautiful rustic boho style, this 80th birthday party plate has a sumptuous rich color palette in terracotta, deep peach, burgundy red, purple, teal and yellow. The lovely watercolor floral elements have a… Make it yours — fully personalizable. Design by Oasis_Landing. #ad · affiliate link #partysupplies #partydecor #rustic #80th #birthday",https://www.zazzle.com/rustic_watercolor_floral_80th_birthday_party_paper_plates-256759949615504411?rf=238439349232116915&tc=pin,2026-10-03T13:03:00,"partysupplies, partydecor, rustic, 80th, birthday"
Blush & Teal Spring Floral Baby Shower Thank You Favor Tags,https://rlv.zcache.com/blush_teal_spring_floral_baby_shower_thank_you_favor_tags-r_63omlb_500.jpg,Zazzle Gift Finds,,"Blush & Teal Spring Floral Baby Shower Thank You Favor Tags — from $16.00. Beautiful favor tags to match our ""Baby In Bloom | Blush & Teal Spring Floral Shower"" invitation. This design features a floral arrangement in the top left-hand corner. There are roses, dahlias, snapdragons,… Personalize this design — fully personalizable. Design by Cali_Graphics. #ad · affiliate link #favortags #partyfavors #diy #thank #baby",https://www.zazzle.com/blush_teal_spring_floral_baby_shower_thank_you_favor_tags-256191845041389202?rf=238439349232116915&tc=pin,2026-10-03T14:07:00,"favortags, partyfavors, diy, thank, baby"
Funny Dog Lover Mug Dog Mom Dog Dad,https://rlv.zcache.com/funny_dog_lover_mug_dog_mom_dog_dad-r_v4g7b7_500.jpg,Pet Lover Gifts,,Funny Dog Lover Mug Dog Mom Dog Dad — from $15.95. This is a funny dog mom or dad mug featuring a trendy retro desgin. Edit all colors to make this funny dog lover mug fit your personal style! Shop this design — fully personalizable. Design by SincerelyBy_Nicole. #ad · affiliate link #doglover #petgifts #dogmom #funny #coffee,https://www.zazzle.com/funny_dog_lover_mug_dog_mom_dog_dad-256254662308852259?rf=238439349232116915&tc=pin,2026-10-03T15:07:00,"doglover, petgifts, dogmom, funny, coffee"
Gold Merry Christmas Five Photos Holiday Card,https://rlv.zcache.com/gold_merry_christmas_five_photos_holiday_card-r_vs27r0_500.jpg,Christmas Cards & Gifts,,Gold Merry Christmas Five Photos Holiday Card — from $2.51. Multi-photo Christmas holiday cards feature your names and the words Merry Christmas in chic gold lettering on a off white background on the front and your personalized greeting on the back. PRINTED and/or INSTANT… Shop this design — fully personalizable. Design by PartyInvitationShop. #ad · affiliate link #christmascards #christmas #holidaycards #photo #cards,https://www.zazzle.com/gold_merry_christmas_five_photos_holiday_card-256574578121797099?rf=238439349232116915&tc=pin,2026-10-03T19:13:00,"christmascards, christmas, holidaycards, photo, cards"
Brush Script First Christmas as Mr. & Mrs. Wedding Snowflake Pewter Christmas Ornament,https://rlv.zcache.com/brush_script_first_christmas_as_mr_mrs_wedding_snowflake_pewter_christmas_ornament-r_v4ncuz_500.jpg,Christmas Cards & Gifts,,Brush Script First Christmas as Mr. & Mrs. Wedding Snowflake Pewter Christmas Ornament — from $24.25. Modern Brush Script Our First Christmas as Mr. & Mrs. Wedding Photo Ornament Shop this design — fully personalizable. Design by HappyMemoriesCardCo. #ad · affiliate link #ornaments #christmasdecor #christmas #first #couple,https://www.zazzle.com/brush_script_first_christmas_as_mr_mrs_wedding_snowflake_pewter_christmas_ornament-256889238724701647?rf=238439349232116915&tc=pin,2026-10-03T20:23:00,"ornaments, christmasdecor, christmas, first, couple"
