Board name,Description,Keywords,Suggested cover image,Cover product,Categories
Baby Shower Ideas,"Baby Shower Ideas: the best-selling, fully personalizable baby shower invitations, baby bodysuit on Zazzle, hand-picked from independent designers. Add your own names, photos, dates and colors to make them yours. Updated every week with trending designs and gift ideas.","babyshower, baby, invitations, babyclothes, newborn, babygift",https://rlv.zcache.com/coming_soon_script_custom_pregnancy_announcement_baby_bodysuit-r97d4f3f1926a4ead97c5eb5fd5067c15_j2nhc_500.jpg,https://www.zazzle.com/coming_soon_script_custom_pregnancy_announcement_baby_bodysuit-235570040191810738,"baby_shower, baby_clothes"
Bags & Accessories,"Bags & Accessories: the best-selling, fully personalizable tote bag, keychain, necklace on Zazzle, hand-picked from independent designers. Add your own names, photos, dates and colors to make them yours. Updated every week with trending designs and gift ideas.","totebag, bags, giftideas, keychain, smallgifts, jewelry, necklace, giftforher",https://rlv.zcache.com/basic_logo_custom_bag_business_or_shop_tote_bag-r_vs2ygu_500.jpg,https://www.zazzle.com/basic_logo_custom_bag_business_or_shop_tote_bag-149736442976253420,"tote_bags, keychains, jewelry"
Birthday Party Ideas,"Birthday Party Ideas: the best-selling, fully personalizable birthday invitations, party supplies on Zazzle, hand-picked from independent designers. Add your own names, photos, dates and colors to make them yours. Updated every week with trending designs and gift ideas.","birthday, partyideas, invitations, partysupplies, partydecor",https://rlv.zcache.com/teen_gaming_gamer_boy_video_game_player_birthday_invitation-r5e9c1f71f42a4e04b341981020ceb723_jqzlnk_500.jpg,https://www.zazzle.com/teen_gaming_gamer_boy_video_game_player_birthday_invitation-256650534158493159,"birthday_invitations, party_supplies"
Christmas Cards & Gifts,"Christmas Cards & Gifts: the best-selling, fully personalizable christmas cards, holiday photo cards, christmas ornaments, christmas gifts on Zazzle, hand-picked from independent designers. Add your own names, photos, dates and colors to make them yours. Updated every week with trending designs and gift ideas.","christmascards, christmas, holidaycards, photocards, ornaments, christmasdecor, christmasgifts, giftideas",https://rlv.zcache.com/budget_elegant_red_bow_christmas_four_photo_holiday_card-r_i3cvri_500.jpg,https://www.zazzle.com/budget_elegant_red_bow_christmas_four_photo_holiday_card-256564938247318925,"christmas_cards, holiday_photo_cards, ornaments, christmas_gifts"
Custom Mugs & Drinkware,"Custom Mugs & Drinkware: the best-selling, fully personalizable mugs, tumbler on Zazzle, hand-picked from independent designers. Add your own names, photos, dates and colors to make them yours. Updated every week with trending designs and gift ideas.","mugs, coffeemug, giftideas, tumbler, drinkware",https://rlv.zcache.com/modern_fun_trendy_typography_life_happens_saying_two_tone_coffee_mug-r_v4gzkx_500.jpg,https://www.zazzle.com/modern_fun_trendy_typography_life_happens_saying_two_tone_coffee_mug-168994347614378967,"mugs, tumblers"
Games & Puzzles,"Games & Puzzles: the best-selling, fully personalizable jigsaw puzzle, playing cards on Zazzle, hand-picked from independent designers. Add your own names, photos, dates and colors to make them yours. Updated every week with trending designs and gift ideas.","puzzle, familygames, giftideas, playingcards, games",https://rlv.zcache.com/modern_simple_playful_script_family_photo_jigsaw_puzzle-r_v4nuan_500.jpg,https://www.zazzle.com/modern_simple_playful_script_family_photo_jigsaw_puzzle-116278274414671250,"puzzles, playing_cards"
Gifts for Dad,"Gifts for Dad: the best-selling, fully personalizable fathers day gifts on Zazzle, hand-picked from independent designers. Add your own names, photos, dates and colors to make them yours. Updated every week with trending designs and gift ideas.","fathersday, giftsfordad",https://rlv.zcache.com/simple_first_fathers_day_picture_collage_daddy_coffee_mug-r_v4nb7b_500.jpg,https://www.zazzle.com/simple_first_fathers_day_picture_collage_daddy_coffee_mug-168848868963902438,fathers_day
Gifts for Mom,"Gifts for Mom: the best-selling, fully personalizable mothers day gifts on Zazzle, hand-picked from independent designers. Add your own names, photos, dates and colors to make them yours. Updated every week with trending designs and gift ideas.","mothersday, giftsformom",https://rlv.zcache.com/modern_collage_photo_happy_mothers_day_gift_coffee_mug-r_vlh45t_500.jpg,https://www.zazzle.com/modern_collage_photo_happy_mothers_day_gift_coffee_mug-168976762568475298,mothers_day
Graduation Party Ideas,"Graduation Party Ideas: the best-selling, fully personalizable graduation announcements on Zazzle, hand-picked from independent designers. Add your own names, photos, dates and colors to make them yours. Updated every week with trending designs and gift ideas.","graduation, classof2027, gradparty",https://rlv.zcache.com/modern_brush_script_4_photo_collage_graduation_announcement-r_v45e02_500.jpg,https://www.zazzle.com/modern_brush_script_4_photo_collage_graduation_announcement-256549719219683629,graduation
Graphic Tees & Apparel,"Graphic Tees & Apparel: the best-selling, fully personalizable t-shirt, hoodie on Zazzle, hand-picked from independent designers. Add your own names, photos, dates and colors to make them yours. Updated every week with trending designs and gift ideas.","tshirt, graphictee, apparel, hoodie, sweatshirt",https://rlv.zcache.com/cute_vintage_beach_waves_sunshine_surfer_trip_hoodie-r_vsxod9_500.jpg,https://www.zazzle.com/cute_vintage_beach_waves_sunshine_surfer_trip_hoodie-256346590702681828,"tshirts, hoodies"
Halloween Party Ideas,"Halloween Party Ideas: the best-selling, fully personalizable halloween party invitations, halloween on Zazzle, hand-picked from independent designers. Add your own names, photos, dates and colors to make them yours. Updated every week with trending designs and gift ideas.","halloween, halloweenparty, spooky, spookyseason, halloweendecor",https://rlv.zcache.com/headless_horseman_sleepy_hollow_halloween_party_invitation-r_wpbskq_500.jpg,https://www.zazzle.com/headless_horseman_sleepy_hollow_halloween_party_invitation-256451591013459347,"halloween_invitations, halloween_gifts"
Home Decor Finds,"Home Decor Finds: the best-selling, fully personalizable throw pillows, fleece blanket, doormat, cutting board on Zazzle, hand-picked from independent designers. Add your own names, photos, dates and colors to make them yours. Updated every week with trending designs and gift ideas.","homedecor, throwpillows, cozyhome, blanket, cozy, doormat, porchdecor, kitchen, cuttingboard, housewarming",https://rlv.zcache.com/modern_simple_playful_elegant_chic_pet_photo_fleece_blanket-r_kvgx2i_500.jpg,https://www.zazzle.com/modern_simple_playful_elegant_chic_pet_photo_fleece_blanket-256687270547801886,"pillows, blankets, doormats, kitchen"
Office & School Supplies,"Office & School Supplies: the best-selling, fully personalizable notebook, planner, calendar 2027, mouse pad on Zazzle, hand-picked from independent designers. Add your own names, photos, dates and colors to make them yours. Updated every week with trending designs and gift ideas.","notebook, stationery, backtoschool, planner, organization, 2027planner, calendar, 2027, photocalendar, mousepad",https://rlv.zcache.com/modern_pink_girl_boss_name_best_girly_gift_mouse_pad-r_v45vb0_500.jpg,https://www.zazzle.com/modern_pink_girl_boss_name_best_girly_gift_mouse_pad-144907798892603265,"notebooks, planners, calendars, mouse_pads"
Personalized Gifts,"Personalized Gifts: the best-selling, fully personalizable personalized gifts on Zazzle, hand-picked from independent designers. Add your own names, photos, dates and colors to make them yours. Updated every week with trending designs and gift ideas.","personalizedgifts, customgifts, giftideas",https://rlv.zcache.com/basic_logo_custom_bag_business_or_shop_tote_bag-r_vs2ygu_500.jpg,https://www.zazzle.com/basic_logo_custom_bag_business_or_shop_tote_bag-149736442976253420,personalized_gifts
Pet Lover Gifts,"Pet Lover Gifts: the best-selling, fully personalizable dog lover gifts on Zazzle, hand-picked from independent designers. Add your own names, photos, dates and colors to make them yours. Updated every week with trending designs and gift ideas.","doglover, petgifts, dogmom",https://rlv.zcache.com/funny_dog_lover_mug_dog_mom_dog_dad-r_v4g7b7_500.jpg,https://www.zazzle.com/funny_dog_lover_mug_dog_mom_dog_dad-256254662308852259,pet_gifts
Phone Cases & Tech,"Phone Cases & Tech: the best-selling, fully personalizable iphone case on Zazzle, hand-picked from independent designers. Add your own names, photos, dates and colors to make them yours. Updated every week with trending designs and gift ideas.","phonecase, iphonecase, tech",https://rlv.zcache.com/photo_personalized_name_custom_case_mate_iphone_case-r_ie29bz_500.jpg,https://www.zazzle.com/photo_personalized_name_custom_case_mate_iphone_case-179470333801995691,phone_cases
Small Business Branding,"Small Business Branding: the best-selling, fully personalizable business cards on Zazzle, hand-picked from independent designers. Add your own names, photos, dates and colors to make them yours. Updated every week with trending designs and gift ideas.","businesscards, smallbusiness, branding",https://rlv.zcache.com/chic_typography_monogram_name_business_card-r_vs2liv_500.jpg,https://www.zazzle.com/chic_typography_monogram_name_business_card-256766489143802957,business_cards
Teacher Gifts,"Teacher Gifts: the best-selling, fully personalizable teacher gifts on Zazzle, hand-picked from independent designers. Add your own names, photos, dates and colors to make them yours. Updated every week with trending designs and gift ideas.","teachergifts, teacherappreciation",https://rlv.zcache.com/modern_watercolor_rainbow_teacher_thank_you_gift_mouse_pad-r_vs205a_500.jpg,https://www.zazzle.com/modern_watercolor_rainbow_teacher_thank_you_gift_mouse_pad-144889184954004006,teacher_gifts
Thanksgiving Ideas,"Thanksgiving Ideas: the best-selling, fully personalizable thanksgiving on Zazzle, hand-picked from independent designers. Add your own names, photos, dates and colors to make them yours. Updated every week with trending designs and gift ideas.","thanksgiving, fall, friendsgiving",https://rlv.zcache.com/minimalist_thankful_terracotta_thanksgiving_dinner_invitation-rabd314fbca2a457abd084a500c4d1b87_jbdvan_500.jpg,https://www.zazzle.com/minimalist_thankful_terracotta_thanksgiving_dinner_invitation-256967896071651832,thanksgiving
Valentine's Day Gifts,"Valentine's Day Gifts: the best-selling, fully personalizable valentines day on Zazzle, hand-picked from independent designers. Add your own names, photos, dates and colors to make them yours. Updated every week with trending designs and gift ideas.","valentinesday, love, giftforher",https://rlv.zcache.com/retro_bold_typography_red_photo_valentines_day_foil_holiday_card-r37624189266747649b6b1d58008d0352_jcy1b4_500.jpg?rlvnet=1&max_dim=1000,https://www.zazzle.com/retro_bold_typography_red_photo_valentines_day_foil_holiday_card-256041207734361094,valentines
Wall Art & Prints,"Wall Art & Prints: the best-selling, fully personalizable poster, canvas print on Zazzle, hand-picked from independent designers. Add your own names, photos, dates and colors to make them yours. Updated every week with trending designs and gift ideas.","wallart, poster, artprint, canvasart, homedecor",https://rlv.zcache.com/london_paris_new_york_repeat_poster_pink_8x10-r_63vijq_500.jpg,https://www.zazzle.com/london_paris_new_york_repeat_poster_pink_8x10-228338001782900074,"posters, canvas_prints"
Wedding Invitations & Ideas,"Wedding Invitations & Ideas: the best-selling, fully personalizable wedding invitations, save the date, bridal shower invitations on Zazzle, hand-picked from independent designers. Add your own names, photos, dates and colors to make them yours. Updated every week with trending designs and gift ideas.","wedding, weddinginvitations, weddingideas, savethedate, engaged, bridalshower",https://rlv.zcache.com/simple_black_white_overlay_photo_wedding_invitation-r_v4g8pw_500.jpg,https://www.zazzle.com/simple_black_white_overlay_photo_wedding_invitation-256139245543951273,"wedding_invitations, save_the_dates, bridal_shower"
Zazzle Gift Finds,"Zazzle Gift Finds: the best-selling, fully personalizable thank you cards, stickers, favor tags on Zazzle, hand-picked from independent designers. Add your own names, photos, dates and colors to make them yours. Updated every week with trending designs and gift ideas.","thankyou, stationery, stickers, labels, packaging, favortags, partyfavors, diy",https://rlv.zcache.com/blush_teal_spring_floral_baby_shower_thank_you_favor_tags-r_63omlb_500.jpg,https://www.zazzle.com/blush_teal_spring_floral_baby_shower_thank_you_favor_tags-256191845041389202,"thank_you_cards, stickers, favor_tags"
